{"cameraMode":{"drawMode":0,"name":"Shaded","section":"Shading Mode"},"sceneLighting":false,"audioPlay":false,"sceneViewState":{"showFog":true,"showMaterialUpdate":false,"showSkybox":false,"showFlares":true,"showImageEffects":true,"showParticleSystems":true},"in2DMode":false,"pivot":{"x":-0.05112059786915779,"y":0.4619140326976776,"z":0.007687747944146395},"rotation":{"x":0.01160416193306446,"y":-0.9688315391540527,"z":0.2432606965303421,"w":0.04624467343091965},"size":1.1474462747573853,"orthographic":true}