{"cameraMode":{"drawMode":0,"name":"Shaded","section":"Shading Mode"},"sceneLighting":false,"audioPlay":false,"sceneViewState":{"showFog":true,"showMaterialUpdate":false,"showSkybox":false,"showFlares":true,"showImageEffects":true,"showParticleSystems":true},"in2DMode":false,"pivot":{"x":0.10635264217853546,"y":0.6053757071495056,"z":-0.11772461235523224},"rotation":{"x":0.051909688860177997,"y":-0.9479783773422241,"z":0.2289898842573166,"w":0.2151835858821869},"size":1.1474462747573853,"orthographic":true}