{"cameraMode":{"drawMode":0,"name":"Shaded","section":"Shading Mode"},"sceneLighting":true,"audioPlay":false,"sceneViewState":{"showFog":true,"showMaterialUpdate":false,"showSkybox":true,"showFlares":true,"showImageEffects":true,"showParticleSystems":true},"in2DMode":false,"pivot":{"x":3.836167097091675,"y":1.137230396270752,"z":-12.470248222351075},"rotation":{"x":-0.0037810916546732189,"y":-0.9944311380386353,"z":0.037303511053323749,"w":-0.09907746315002442},"size":15.514575958251954,"orthographic":true}